Month,Count,Sum,Average
March,20209,290.1630024,0.014358
April,24054,1063.812824,0.044226
May,26259,1293.40733,0.049256
June,25677,980.3954024,0.038182
July,26756,1115.9028,0.041707
August,28042,1603.725048,0.05719
September,27811,1194.227059,0.042941
October,29228,1324.039057,0.0453
November,737,4.792382563,0.006503